iter	Logloss	Precision:use_weights=true	Precision:use_weights=false	Recall:use_weights=true	Recall:use_weights=false	F1:use_weights=true	F1:use_weights=false	AUC
0	0.6450167127	0.5972099508	0.1871501538	0.9733191619	0.9733191619	0.7402293712	0.3139364883	0.6584305546
1	0.6111509971	0.5972130637	0.1871521224	0.9733191619	0.9733191619	0.7402317624	0.313939258	0.6841318607
2	0.6015824834	0.5974202879	0.1872832196	0.9726705065	0.9726705065	0.7402031731	0.3140898813	0.6912072092
3	0.59469196	0.5974352699	0.1872927013	0.972639246	0.972639246	0.7402056203	0.3141015853	0.7081177104
4	0.5910884163	0.5975219049	0.1873475399	0.9723500864	0.9723500864	0.7401883454	0.3141636103	0.7099657698
5	0.5894074531	0.5984136961	0.1879129727	0.9703650445	0.9703650445	0.74029526	0.3148539079	0.7102865473
6	0.5887235579	0.599518565	0.1886158995	0.9663637003	0.9663637003	0.739970037	0.3156273212	0.7086917977
7	0.5885086831	0.5993639495	0.1885173719	0.9669889103	0.9669889103	0.7400354126	0.3155226602	0.7099162007
8	0.5884876636	0.5993348064	0.1884988065	0.9670748767	0.9670748767	0.7400383696	0.3155012315	0.7099162007
9	0.5871044927	0.5993932014	0.1885360084	0.9667544566	0.9667544566	0.7399890371	0.3155362775	0.7113917809
10	0.5870635048	0.5993616539	0.1885159094	0.9668326078	0.9668326078	0.7399878866	0.3155122902	0.7115373496
11	0.5868554159	0.600201092	0.1890514587	0.9605179865	0.9605179865	0.738767088	0.3159223259	0.710161472
12	0.5868531952	0.6002001817	0.1890508771	0.9605179865	0.9605179865	0.7387663984	0.3159215138	0.710161472
13	0.5852893722	0.600175419	0.1890350568	0.9644411795	0.9644411795	0.7399050854	0.3161108784	0.7140296136
14	0.5852891428	0.600175419	0.1890350568	0.9644411795	0.9644411795	0.7399050854	0.3161108784	0.7140296457
15	0.5850680344	0.6002375922	0.1890747802	0.9641207593	0.9641207593	0.7398580033	0.3161491949	0.7142599755
16	0.5847135964	0.6003700714	0.1891594514	0.9646678181	0.9646678181	0.7401197003	0.3162969711	0.7145740347
17	0.5845207351	0.6004570849	0.1892150851	0.9645818517	0.9645818517	0.7401605076	0.3163701191	0.7142795342
18	0.5836876033	0.6006799468	0.1893576517	0.9639175661	0.9639175661	0.7401340569	0.31653358	0.7169293135
19	0.5836511792	0.600624146	0.1893219452	0.9641989106	0.9641989106	0.7401746093	0.316498852	0.7169870285
20	0.5836374629	0.6006111655	0.18931364	0.9642379862	0.9642379862	0.7401762656	0.3164893515	0.7169870286
21	0.5836373894	0.6006116195	0.1893139305	0.9642379862	0.9642379862	0.7401766104	0.3164897574	0.7169875428
22	0.5829761563	0.6023337888	0.1904190425	0.9572903397	0.9572903397	0.7394195906	0.3176523826	0.7183086222
23	0.58247064	0.6032592538	0.1910156195	0.9527731972	0.9527731972	0.7387625466	0.3182310578	0.7193616051
24	0.5824706391	0.6032592538	0.1910156195	0.9527731972	0.9527731972	0.7387625466	0.3182310578	0.7193616051
25	0.5824683311	0.6032803354	0.1910292313	0.9526559704	0.9526559704	0.7387431107	0.3182434073	0.7193460035
26	0.581644561	0.6044835083	0.1918077316	0.9469821893	0.9469821893	0.737928163	0.3190026576	0.7206249043
27	0.5816445606	0.6044835083	0.1918077316	0.9469821893	0.9469821893	0.737928163	0.3190026576	0.7206249411
28	0.5816280514	0.6045461341	0.1918483415	0.9469352986	0.9469352986	0.7379605865	0.3190561581	0.7206539985
29	0.5799513645	0.6045542308	0.1918535925	0.9474979876	0.9474979876	0.738137429	0.3190953451	0.7209665907
30	0.579951114	0.6045492804	0.191850382	0.9475136179	0.9475136179	0.738138482	0.3190917908	0.7209665907
31	0.5799452217	0.6045934022	0.1918789985	0.9474120212	0.9474120212	0.7381405355	0.3191256083	0.7209667351
32	0.5796723724	0.6051100967	0.1922144409	0.9442312652	0.9442312652	0.7375571146	0.3194079291	0.7213947326
33	0.5796682952	0.6050840585	0.1921975224	0.9444110131	0.9444110131	0.7375925993	0.3193948508	0.7214041877
34	0.5792522667	0.6067163612	0.1932610773	0.937424291	0.937424291	0.7366565396	0.3204563063	0.7223998845
35	0.5784937569	0.6106988053	0.1958813276	0.9239275694	0.9239275694	0.7353470162	0.3232340079	0.7244016032
36	0.5769746442	0.6115482014	0.1964449065	0.9213798385	0.9213798385	0.7351528166	0.3238439247	0.7244944647
37	0.5769744929	0.6114692809	0.1963924719	0.9217002587	0.9217002587	0.7351977454	0.3237924497	0.7244944647
38	0.576971786	0.611090054	0.1961407156	0.9231460569	0.9231460569	0.7353827351	0.3235391191	0.724499777
39	0.5768331559	0.611120405	0.1961608524	0.9248888298	0.9248888298	0.7359570808	0.3236734002	0.7246358273
40	0.5767267386	0.6113871747	0.196337936	0.9235602585	0.9235602585	0.7357292959	0.3238328552	0.7246832216
41	0.5749751132	0.6174886643	0.2004336907	0.9137913518	0.9137913518	0.7369727226	0.328756878	0.7262769553
42	0.574954189	0.6174570775	0.2004122602	0.9140805114	0.9140805114	0.7370442427	0.3287467554	0.7263052847
43	0.5748599789	0.6171405985	0.2001976721	0.9149714357	0.9149714357	0.737108001	0.3285154694	0.7265152956
44	0.5746709755	0.6174731967	0.2004231962	0.9134553014	0.9134553014	0.7368523947	0.3287210077	0.7266787065
45	0.5746317005	0.6176628694	0.2005519258	0.9132677384	0.9132677384	0.7369263753	0.3288819718	0.7267327262
46	0.5745142284	0.618822925	0.2013411288	0.9067030331	0.9067030331	0.7356002303	0.3295114373	0.7268693097
47	0.5742417892	0.6184220615	0.2010680493	0.9092351337	0.9092351337	0.7361482243	0.3293120968	0.7271887285
48	0.5742400925	0.6183882669	0.2010450451	0.9092976547	0.9092976547	0.7361447701	0.3292853423	0.727191192
49	0.5742288915	0.618393326	0.2010484887	0.9090241253	0.9090241253	0.7360587006	0.3292720211	0.7272026984
50	0.5741584901	0.618919319	0.2014068529	0.9060231171	0.9060231171	0.7354444304	0.3295544994	0.7272701463
51	0.5741584248	0.6189192652	0.2014068162	0.9060465625	0.9060465625	0.7354521164	0.3295560012	0.7272703057
52	0.5739394217	0.6195316234	0.2018248634	0.9030533695	0.9030533695	0.734895093	0.3299162162	0.727668694
53	0.5739394215	0.6195305918	0.2018241584	0.9030533695	0.9030533695	0.7348943673	0.3299152742	0.727668694
54	0.5739245886	0.6196131446	0.2018805851	0.9025453863	0.9025453863	0.734784155	0.3299567294	0.7276691138
55	0.5739010567	0.6196973873	0.2019381839	0.9020295881	0.9020295881	0.7346723664	0.3299991566	0.7276984986
56	0.5738896495	0.6197138351	0.2019494317	0.9017326133	0.9017326133	0.7345854028	0.3299942943	0.7277009492
57	0.5738896495	0.6197138351	0.2019494317	0.9017326133	0.9017326133	0.7345854028	0.3299942943	0.7277009492
58	0.5738896494	0.6197065992	0.2019444833	0.9017326133	0.9017326133	0.7345803192	0.329987688	0.7277009492
59	0.5736853146	0.619987421	0.2021366187	0.9003884117	0.9003884117	0.7343309164	0.3301538995	0.7281019646
60	0.5726440637	0.6213934061	0.203101464	0.8967387482	0.8967387482	0.7340962294	0.3311916596	0.7288686656
61	0.572303827	0.6211643519	0.2029439487	0.9002399243	0.9002399243	0.7351063197	0.3312199344	0.7294370656
62	0.5716198455	0.6217423392	0.2033416639	0.8997475714	0.8997475714	0.7353465256	0.3317159889	0.730382121
63	0.5707227568	0.6218516435	0.2034169687	0.900529084	0.900529084	0.7356838941	0.3318692902	0.7307406618
64	0.5705813667	0.6213989432	0.2031052733	0.902709504	0.902709504	0.7360929373	0.3316017552	0.7309755813
65	0.5701134113	0.6220698518	0.2035673899	0.9003884117	0.9003884117	0.7357896099	0.3320598861	0.7319727443
66	0.568922966	0.6238449403	0.2047953974	0.8963401768	0.8963401768	0.7356699888	0.3334127914	0.7340019051
67	0.5679717859	0.622995035	0.2042064624	0.9019670671	0.9019670671	0.7369638941	0.3330173776	0.7353214802
68	0.567210386	0.6232787326	0.2044028498	0.9022562267	0.9022562267	0.7372589058	0.3332982088	0.7365686376
69	0.5668708512	0.6233851623	0.2044765762	0.902709504	0.902709504	0.73748467	0.3334271483	0.73685919
70	0.5664105165	0.6234620399	0.2045298486	0.9031940417	0.9031940417	0.7377001362	0.333531022	0.7377135983
71	0.5654003674	0.624752966	0.205426585	0.8989582438	0.8989582438	0.7371827752	0.3344303856	0.7392483748
72	0.5643932176	0.6259279105	0.2062463627	0.8945895887	0.8945895887	0.7365237063	0.3352104345	0.7409099525
73	0.5637972551	0.6260332917	0.2063200577	0.8947302609	0.8947302609	0.7366443383	0.3353176434	0.7422979929
74	0.5632753021	0.6271104229	0.2070749144	0.8916745469	0.8916745469	0.7363496654	0.3360974216	0.7431443251
75	0.5626742539	0.6276277066	0.2074384676	0.8911665638	0.8911665638	0.7365327057	0.336539923	0.74381821
76	0.5622301044	0.6279244994	0.2076473625	0.8895957236	0.8895957236	0.7361996775	0.3367024282	0.7447084143
77	0.5618073469	0.6282500488	0.2078767542	0.8893925303	0.8893925303	0.736353748	0.3369893517	0.7454383239
78	0.5612320881	0.6291262164	0.2084954652	0.886071102	0.886071102	0.7358124953	0.337561574	0.7460774572
79	0.5607673628	0.6294901085	0.2087530047	0.8850316903	0.8850316903	0.7357024444	0.337823386	0.7467005386
80	0.56043219	0.6299633229	0.2090884216	0.8838359761	0.8838359761	0.7356117139	0.3381750276	0.7473423255
81	0.5600723945	0.629985246	0.2091039747	0.8846174887	0.8846174887	0.7358972138	0.3382525427	0.7476664039
82	0.5598029606	0.6300868777	0.2091760923	0.8845237072	0.8845237072	0.7359340896	0.338340032	0.7481309302
83	0.5595939308	0.6303030955	0.2093296079	0.8841095055	0.8841095055	0.7359380894	0.3385104737	0.7485833357
84	0.5593345656	0.6309026923	0.2097559526	0.8827496737	0.8827496737	0.735874575	0.3389675884	0.748913994
85	0.5590566862	0.6310284465	0.2098454878	0.883390514	0.883390514	0.7361827318	0.3391317392	0.7492952096
86	0.558887616	0.6312190675	0.2099812849	0.8829841275	0.8829841275	0.7361712344	0.339279065	0.7495003588
87	0.5586236871	0.6316507164	0.210289135	0.8818118587	0.8818118587	0.7360566444	0.3395939644	0.7498879267
88	0.5584606412	0.632004124	0.2105415424	0.8815539595	0.8815539595	0.7362066167	0.3399038454	0.7502025797
89	0.5582963387	0.632464668	0.2108709533	0.8801003462	0.8801003462	0.7360111705	0.3402245304	0.7504585891
90	0.5581386209	0.6328713456	0.2111622933	0.8795142118	0.8795142118	0.7360812723	0.3405597114	0.7507380762
91	0.557962823	0.6331029642	0.211328415	0.8786701783	0.8786701783	0.7359420257	0.3407123225	0.7510690177
92	0.5578268248	0.6332889482	0.2114619078	0.8784435396	0.8784435396	0.7359881325	0.3408687372	0.7512842458
93	0.5577138298	0.633693097	0.2117523028	0.8774588338	0.8774588338	0.7359148932	0.3411715551	0.7513975372
94	0.557507301	0.6342353049	0.2121425689	0.875098666	0.875098666	0.735448191	0.3414985986	0.7516288758
95	0.5573271787	0.6343055633	0.2121931953	0.8754269012	0.8754269012	0.7356113308	0.3415891855	0.7518272261
96	0.5570104308	0.6344182577	0.212274427	0.875723876	0.875723876	0.7357919539	0.3417170477	0.7520824844
97	0.5568552461	0.6345647512	0.2123800715	0.8757082457	0.8757082457	0.7358849509	0.3418527281	0.7522872666
98	0.5566431573	0.6347211987	0.2124929565	0.8753018592	0.8753018592	0.7358465718	0.3419679469	0.752413149
99	0.5564928839	0.6349436604	0.212653585	0.8754034558	0.8754034558	0.7360319606	0.3421836838	0.7526555311
100	0.5563917646	0.6351765508	0.2128218832	0.8744812711	0.8744812711	0.7358621132	0.3423309317	0.7527912653
101	0.5562577278	0.635392485	0.2129780557	0.8740826997	0.8740826997	0.7358657953	0.3425023541	0.7530493379
102	0.5561073274	0.6355980101	0.2131268141	0.8739420274	0.8739420274	0.7359537339	0.3426838723	0.7532601077
103	0.5559423073	0.6360245532	0.213435901	0.8723321116	0.8723321116	0.7356677031	0.3429590631	0.7534355047
104	0.5557895422	0.6363834485	0.2136963412	0.8715427839	0.8715427839	0.7356267043	0.343234039	0.7536680905
105	0.555677075	0.6365407856	0.213810624	0.8714958932	0.8714958932	0.7357151033	0.3433777975	0.7538723528
106	0.5555891537	0.6366803722	0.2139120686	0.870862868	0.870862868	0.7355826091	0.3434594058	0.7539750609
107	0.5555189711	0.6368187724	0.2140127021	0.8703627	0.8703627	0.7354964433	0.3435501633	0.7540985617
108	0.5553950507	0.6370111938	0.2141527002	0.8699797588	0.8699797588	0.735487952	0.3437006482	0.7542986548
109	0.5553120704	0.6371774585	0.2142737471	0.8695655572	0.8695655572	0.7354506587	0.343824162	0.7544038034
110	0.5551994877	0.6372494144	0.2143261565	0.8697531202	0.8697531202	0.7355656726	0.3439062942	0.7545763613
111	0.5551589158	0.6373773448	0.2144193692	0.8695733723	0.8695733723	0.7355865867	0.3440122186	0.7546322401
112	0.5550397755	0.6374191604	0.2144498464	0.8693936244	0.8693936244	0.7355501091	0.3440373711	0.7548194925
113	0.5549392186	0.6375381393	0.2145365893	0.8692842127	0.8692842127	0.7355901493	0.3441404147	0.7549301121
114	0.5547883642	0.6375981332	0.2145803429	0.8692216917	0.8692216917	0.7356076935	0.3441918039	0.7550596835
115	0.554713958	0.6377425859	0.2146857318	0.869120095	0.869120095	0.7356674286	0.3443193956	0.755186611
116	0.5546578487	0.6378553554	0.2147680442	0.8687215236	0.8687215236	0.7355996018	0.3443939436	0.7552733156
117	0.5545035575	0.6380655388	0.2149215515	0.8685261455	0.8685261455	0.735669271	0.3445759075	0.7554180028
118	0.5544374003	0.6381635984	0.2149932097	0.8685183304	0.8685183304	0.7357316397	0.3446673831	0.7554990232
119	0.5543698274	0.6383567974	0.2151344675	0.8684870699	0.8684870699	0.7358487983	0.3448464189	0.7556149766
120	0.5543411194	0.638420914	0.2151813686	0.8685183304	0.8685183304	0.7359026163	0.3449091352	0.7556682968
121	0.5542394575	0.6385566899	0.2152807247	0.8682682464	0.8682682464	0.7359030024	0.3450170178	0.7558034592
122	0.554169671	0.6386947579	0.2153818088	0.8673226162	0.8673226162	0.735654738	0.3450720429	0.7559089908
123	0.5540876887	0.6388763166	0.2155148118	0.8665411037	0.8665411037	0.7354937986	0.3451807623	0.7560110967
124	0.5540178155	0.6390509679	0.2156428384	0.8665098432	0.8665098432	0.7355982567	0.3453424739	0.7560825039
125	0.5539234238	0.6393716736	0.2158781428	0.8660331205	0.8660331205	0.7356387436	0.3456062026	0.7561890224
126	0.5538673986	0.6395209978	0.2159877977	0.8654079105	0.8654079105	0.7355118602	0.3456968569	0.7562625102
127	0.5537840742	0.6397785782	0.2161770911	0.8647827004	0.8647827004	0.7354561816	0.3458892923	0.7564188979
128	0.5536953722	0.6397857866	0.2161823911	0.865314129	0.865314129	0.7356530619	0.3459385657	0.7565480714
129	0.5536355838	0.6398848845	0.216255267	0.8655720281	0.8655720281	0.7358117693	0.3460524815	0.7566390732
130	0.5536080073	0.6398928571	0.2162611311	0.8654704315	0.8654704315	0.735780328	0.3460518689	0.7566749851
131	0.553533079	0.6400964912	0.2164109698	0.8656032886	0.8656032886	0.7359629526	0.3462543043	0.7567876603
132	0.5534477113	0.6401818131	0.216473785	0.8654079105	0.8654079105	0.7359487071	0.3463190601	0.7568831695
133	0.5533946396	0.6402743878	0.2165419621	0.8653453895	0.8653453895	0.735987263	0.3464012927	0.75696745
134	0.5533353664	0.6403122501	0.2165698527	0.8653688348	0.8653688348	0.7360207568	0.346438857	0.7570567902
135	0.5532542358	0.6404576279	0.2166769787	0.8648452214	0.8648452214	0.7359272843	0.3465338939	0.7571709876
136	0.5532129633	0.6403863569	0.2166244534	0.8649233727	0.8649233727	0.73590852	0.3464729868	0.7572513119
137	0.5531544876	0.6404698939	0.21668602	0.8647983307	0.8647983307	0.7359184045	0.346541692	0.7573403709
138	0.553102261	0.6406318188	0.2168054122	0.8648139609	0.8648139609	0.736030946	0.3466956157	0.7574353445
139	0.5530638754	0.6406659973	0.2168306221	0.8649077424	0.8649077424	0.7360874685	0.3467353844	0.7574844784
140	0.5529928058	0.6407370052	0.2168830074	0.8648217761	0.8648217761	0.7361031953	0.3467954483	0.7575264818
141	0.5529377773	0.6407987525	0.216928572	0.8647983307	0.8647983307	0.7361354477	0.3468518098	0.7576179788
142	0.5528054517	0.6408099968	0.2169368705	0.8647279946	0.8647279946	0.7361173835	0.3468567595	0.7577144097
143	0.5527957732	0.6407801181	0.2169148202	0.8648452214	0.8648452214	0.7361401387	0.346838002	0.7577335094
144	0.5527720088	0.6408053865	0.216933468	0.8647279946	0.8647279946	0.7361143416	0.3468524103	0.7577642138
145	0.5527590607	0.640796166	0.2169266632	0.8647279946	0.8647279946	0.7361082579	0.3468437122	0.7577873381
146	0.5527281458	0.6409226315	0.217020016	0.8645404316	0.8645404316	0.7361237111	0.3469479283	0.7578203635
147	0.5526871687	0.6409348786	0.2170290587	0.8643763139	0.8643763139	0.7360722893	0.3469462656	0.7578747765
148	0.5526123841	0.6410663983	0.217126193	0.8640793392	0.8640793392	0.7360512886	0.3470464251	0.7579578454
149	0.5525328761	0.6412737816	0.2172794522	0.8640168181	0.8640168181	0.7361652726	0.3472371192	0.7580815919
150	0.5524701274	0.641359728	0.2173430022	0.8638448854	0.8638448854	0.7361594773	0.3473043732	0.7581781308
151	0.5524128942	0.6412908683	0.2172920848	0.863946482	0.863946482	0.736150999	0.3472475695	0.7582555495
152	0.5523797493	0.6413935879	0.2173680442	0.863696398	0.863696398	0.7361278552	0.3473243398	0.7583150323
153	0.5523384667	0.6414400595	0.2174024186	0.8640402635	0.8640402635	0.736283337	0.3473960224	0.7583961584
154	0.5523255047	0.6414678033	0.2174229432	0.8639621123	0.8639621123	0.7362732367	0.3474159076	0.7584155604
155	0.552281442	0.641484358	0.2174351911	0.8636182468	0.8636182468	0.7361592423	0.3474037304	0.7585010589
156	0.5522244583	0.6415879188	0.2175118274	0.8634228686	0.8634228686	0.7361564262	0.3474857208	0.7585992977
157	0.5522075929	0.6416355985	0.2175471208	0.8634150535	0.8634150535	0.7361849701	0.3475301234	0.7586140791
158	0.5521750039	0.6416702309	0.2175727603	0.863321272	0.863321272	0.7361736713	0.3475552395	0.7586550912
159	0.5521533171	0.6416354032	0.2175469762	0.8632665661	0.8632665661	0.736130861	0.347517909	0.7586888963
160	0.5520835523	0.6417531775	0.2176341815	0.8631805997	0.8631805997	0.7361771009	0.3476221949	0.7587953739
161	0.5520458775	0.6418592163	0.2177127297	0.8635244653	0.8635244653	0.7363719207	0.3477502797	0.7588634687
162	0.5520285424	0.6418863435	0.2177328291	0.8634697594	0.8634697594	0.7363698802	0.3477714825	0.7588845868
163	0.5519900711	0.6419566702	0.2177849458	0.8632509359	0.8632509359	0.7363365613	0.3478202	0.7589559465
164	0.5519330484	0.6420527516	0.2178561702	0.862758583	0.862758583	0.7362205606	0.3478710247	0.7590424913
165	0.5518982797	0.6421274507	0.2179115616	0.8626100956	0.8626100956	0.7362155919	0.3479295611	0.7590756107
166	0.5518444361	0.6421276891	0.2179117384	0.8626022805	0.8626022805	0.7362129022	0.3479291508	0.7591496065
167	0.5517907303	0.6422731248	0.2180196267	0.86257102	0.86257102	0.7362970927	0.3480641118	0.7592444686
168	0.5517275718	0.6423795129	0.2180985851	0.8623209359	0.8623209359	0.7362758524	0.3481443502	0.7593465122
169	0.5516964423	0.6424605749	0.2181587681	0.8620474066	0.8620474066	0.7362293577	0.3481987136	0.7593888348
170	0.5516279806	0.6424946181	0.2181840482	0.8619614402	0.8619614402	0.7362203546	0.3482238984	0.7594809838
171	0.5516112332	0.6425336106	0.2182130074	0.8619223645	0.8619223645	0.7362316985	0.3482575911	0.7595014929
172	0.5515973641	0.6425063387	0.2181927525	0.8619770704	0.8619770704	0.7362337507	0.3482362599	0.7595285444
173	0.5515469035	0.642627182	0.2182825189	0.8621099276	0.8621099276	0.7363615475	0.3483614258	0.7595865989
174	0.5515141405	0.6426066465	0.2182672616	0.8620786671	0.8620786671	0.7363366629	0.3483394438	0.7596489705
175	0.5514932838	0.6426569631	0.2183046474	0.8621802637	0.8621802637	0.7364067555	0.3483953483	0.7596764987
176	0.5514642894	0.6427052642	0.2183405422	0.8623834569	0.8623834569	0.7365125786	0.3484576483	0.7597261311
177	0.5514206299	0.6427851873	0.2183999509	0.8622818603	0.8622818603	0.7365279945	0.3485250034	0.7597907379
178	0.5513475816	0.6427895381	0.2184031855	0.8620317763	0.8620317763	0.7364396052	0.3485086888	0.7598423668
179	0.5513414226	0.6427892015	0.2184029352	0.8620239612	0.8620239612	0.7364365323	0.3485077315	0.759848977
180	0.5512685131	0.6427821613	0.2183977013	0.8619145494	0.8619145494	0.7363919825	0.3484921257	0.7599374084
181	0.5512394139	0.6428179583	0.2184243154	0.8618676587	0.8618676587	0.7363983578	0.3485221733	0.7599702741
182	0.5511964318	0.6428628687	0.2184577102	0.8617348015	0.8617348015	0.7363793226	0.348553817	0.7600150652
183	0.5511669307	0.6429005225	0.2184857132	0.861703541	0.861703541	0.7363926101	0.3485869017	0.7600561802
184	0.5511277906	0.6430434762	0.2185920631	0.8616019444	0.8616019444	0.7364492682	0.348713926	0.7600950556
185	0.5511089863	0.6430483571	0.2185956952	0.8614847175	0.8614847175	0.7364096431	0.3487089452	0.7601175601
186	0.5510269821	0.6431736014	0.2186889182	0.861265894	0.861265894	0.7364117846	0.3488096067	0.760232824
187	0.5509691625	0.6432541334	0.2187488834	0.8611721125	0.8611721125	0.7364302803	0.3488781841	0.7603039741
188	0.5509184918	0.6432912909	0.2187765573	0.8610861461	0.8610861461	0.7364231939	0.348906323	0.7603964973
189	0.5508412443	0.6434715992	0.2189109003	0.8609220285	0.8609220285	0.7364812829	0.3490636585	0.7604880445
190	0.5506736209	0.6434544759	0.2188981384	0.8610548856	0.8610548856	0.7365186742	0.3490583522	0.7605959251
191	0.5506534673	0.6435131043	0.2189418374	0.8609923646	0.8609923646	0.7365342045	0.3491087697	0.7606249977
192	0.5506335946	0.6435262596	0.2189516442	0.8610548856	0.8610548856	0.7365656969	0.349126376	0.7606615269
193	0.5505922998	0.6436165879	0.2190189928	0.8610236251	0.8610236251	0.7366134215	0.3492094182	0.7607183784
194	0.5505448439	0.643703802	0.2190840408	0.8609454739	0.8609454739	0.7366419321	0.3492856645	0.7607938958
195	0.55049493	0.6437656357	0.2191301718	0.8608048016	0.8608048016	0.7366309168	0.3493327075	0.7608639602
196	0.550456895	0.643805075	0.219159601	0.8607422806	0.8607422806	0.7366338407	0.3493649525	0.7609180641
197	0.5503952269	0.64387232	0.2192097884	0.8608126167	0.8608126167	0.7367036156	0.349434513	0.7609968636
198	0.5503667653	0.6439461738	0.2192649226	0.8606641294	0.8606641294	0.7366975646	0.3494923177	0.7610460143
199	0.5503525048	0.6439282055	0.2192515073	0.8605703479	0.8605703479	0.7366514491	0.3494675441	0.7610725417
200	0.5503321382	0.6439827066	0.2192922011	0.8605312722	0.8605312722	0.7366727935	0.3495160115	0.7610912754
201	0.5503089234	0.6440362104	0.2193321582	0.8605937932	0.8605937932	0.7367307098	0.3495719197	0.7611314638
202	0.5502975799	0.6440442107	0.2193381335	0.8606172386	0.8606172386	0.7367445353	0.3495814432	0.7611522979
203	0.5502710862	0.6441009807	0.2193805398	0.8607579109	0.8607579109	0.7368332242	0.3496469087	0.7611897699
204	0.5502362597	0.6441006647	0.2193803037	0.8604843815	0.8604843815	0.7367327802	0.3496240363	0.7612412439
205	0.550195229	0.6442027541	0.2194565852	0.8605469025	0.8605469025	0.736822477	0.3497260644	0.7613131612
206	0.5501831108	0.6442074361	0.2194600843	0.8605469025	0.8605469025	0.7368255395	0.3497305074	0.761333251
207	0.5501633641	0.6442102962	0.2194622218	0.8605312722	0.8605312722	0.7368216807	0.3497319307	0.7613629
208	0.550128658	0.6442902916	0.2195220164	0.8606250537	0.8606250537	0.736908383	0.349815599	0.761398248
209	0.5500916421	0.6442815767	0.2195155014	0.8605703479	0.8605703479	0.7368826282	0.3498028079	0.7614653151
210	0.5500820567	0.6442980339	0.2195278046	0.860515642	0.860515642	0.7368733355	0.3498139085	0.7614741851
211	0.5500363307	0.6443592634	0.2195735854	0.8603827848	0.8603827848	0.7368646582	0.3498610464	0.7615466756
212	0.5500022795	0.6443878981	0.2195949989	0.8603671546	0.8603671546	0.7368776484	0.3498869359	0.7615813831
213	0.5499666575	0.6444194535	0.2196185993	0.8604218605	0.8604218605	0.7369183448	0.3499214165	0.761641069
214	0.5498959971	0.6444819146	0.219665322	0.860515642	0.860515642	0.7369935799	0.3499884777	0.761758749
215	0.5498762283	0.6444998727	0.2196787573	0.8605390873	0.8605390873	0.7370139205	0.3500074698	0.7617866386
216	0.5498080563	0.6445451241	0.2197126158	0.8605000117	0.8605000117	0.7370291743	0.3500472105	0.7618783056
217	0.5498065011	0.6445474678	0.2197143695	0.8605000117	0.8605000117	0.7370307065	0.3500494362	0.7618799623
218	0.5497595856	0.6445990314	0.2197529583	0.8605000117	0.8605000117	0.7370644166	0.3500984092	0.7619523828
219	0.549730328	0.6446387357	0.2197826768	0.8603827848	0.8603827848	0.7370473618	0.3501264172	0.7619895768
220	0.5496958084	0.6447021035	0.2198301166	0.8603984151	0.8603984151	0.7370945145	0.3501879062	0.7620377578
221	0.5496660455	0.6447373942	0.2198565415	0.8604296756	0.8604296756	0.7371290511	0.3502240234	0.7620920748
222	0.549661504	0.6447669192	0.2198786518	0.8604062302	0.8604062302	0.7371397431	0.3502501332	0.7620963722
223	0.5496014754	0.6448338631	0.2199287929	0.860265558	0.860265558	0.7371318536	0.3503020833	0.7621978654
224	0.5495784627	0.6448134326	0.2199134891	0.8602108521	0.8602108521	0.7370984215	0.3502781349	0.7622134038
225	0.5495556566	0.6447946624	0.21989943	0.8602108521	0.8602108521	0.7370861577	0.3502603007	0.7622400685
226	0.549538848	0.6448284736	0.2199247557	0.8602342975	0.8602342975	0.737116856	0.3502943704	0.7622650843
227	0.5494605503	0.6449441083	0.220011394	0.8601639613	0.8601639613	0.7371665732	0.350398426	0.7623848015
228	0.5494287503	0.6449560042	0.220020309	0.8602108521	0.8602108521	0.7371915633	0.3504136231	0.7624397457
229	0.5494130233	0.6449730275	0.2200330672	0.8601248857	0.8601248857	0.7371711125	0.3504226697	0.7624636757
230	0.5493933885	0.6450343422	0.2200790267	0.8601170706	0.8601170706	0.737208289	0.350480303	0.7624926756
231	0.5493762499	0.6450492476	0.2200902009	0.8600076588	0.8600076588	0.7371778315	0.3504853874	0.7625102088
232	0.5493491016	0.6450349292	0.2200794668	0.8601170706	0.8601170706	0.7372086724	0.3504808611	0.7625481448
233	0.5493278296	0.6450222024	0.2200699263	0.8603515243	0.8603515243	0.7372864628	0.3504882219	0.7625835701
234	0.5492573737	0.6451102447	0.2201359353	0.8603515243	0.8603515243	0.7373439749	0.3505719308	0.7627029761
235	0.5492192942	0.6451626629	0.2201752456	0.8601248857	0.8601248857	0.7372949603	0.3506029527	0.7627551075
236	0.5492061871	0.6451835363	0.2201909015	0.8601327008	0.8601327008	0.7373114618	0.3506234509	0.7627659813
237	0.5491764273	0.6452102842	0.2202109652	0.860140516	0.860140516	0.737331799	0.3506495368	0.7627962488
238	0.5491620323	0.6452352717	0.2202297103	0.8601483311	0.8601483311	0.7373509863	0.3506739502	0.7628127997
239	0.5491274487	0.6452436384	0.2202359871	0.8601952218	0.8601952218	0.737373678	0.3506858044	0.7628605889
240	0.5491107709	0.6452412412	0.2202341887	0.8601795916	0.8601795916	0.7373663699	0.3506822255	0.7628845027
241	0.5490803044	0.6453361249	0.2203053857	0.8598826168	0.8598826168	0.7373191689	0.3507477793	0.7629342956
242	0.5490112336	0.6454089707	0.2203600634	0.8598669866	0.8598669866	0.7373609657	0.3508157728	0.7630260447
243	0.5489502626	0.6454764336	0.2204107139	0.8600232891	0.8600232891	0.7374624613	0.3508929682	0.7631188324
244	0.5489331442	0.6455305268	0.2204513357	0.8600232891	0.8600232891	0.7374977646	0.3509444432	0.7631426659
245	0.5489062147	0.6455332366	0.2204533708	0.8600467344	0.8600467344	0.7375081534	0.350948974	0.7631827647
246	0.5488871521	0.6455413841	0.2204594901	0.8600154739	0.8600154739	0.7375019767	0.3509541251	0.7632116602
247	0.5488722094	0.6455471999	0.2204638581	0.8598826168	0.8598826168	0.7374569167	0.3509485959	0.7632388848
248	0.5488525732	0.6455719639	0.2204824588	0.8600154739	0.8600154739	0.7375219327	0.3509832283	0.7632666794
249	0.5488181973	0.6456100973	0.2205111048	0.860203037	0.860203037	0.7376157821	0.3510351437	0.7633164585
250	0.5487740254	0.6457201578	0.2205938054	0.8602342975	0.8602342975	0.7376991042	0.3511425299	0.7633822525
251	0.5487467351	0.6457651334	0.2206276104	0.8603437092	0.8603437092	0.737768685	0.3511944734	0.7634297798
252	0.5487174003	0.645787848	0.2206446854	0.8602499277	0.8602499277	0.737749024	0.3512082905	0.76346433
253	0.5486611663	0.6458703704	0.2207067315	0.8603124487	0.8603124487	0.737825864	0.3512920993	0.7635432929
254	0.5486447041	0.6458775043	0.2207120961	0.8603437092	0.8603437092	0.7378420152	0.3513015008	0.7635668023
255	0.5486313489	0.6459480189	0.2207651303	0.8602968185	0.8602968185	0.7378707787	0.3513647659	0.7635883402
256	0.5486225182	0.6459772416	0.2207871129	0.8603358941	0.8603358941	0.7379042173	0.351395867	0.7636010196
257	0.5485995221	0.6460425633	0.2208362593	0.8601874067	0.8601874067	0.7378922053	0.3514457179	0.7636269023
258	0.5485510715	0.6460776843	0.2208626884	0.8599451378	0.8599451378	0.7378259547	0.3514589558	0.7636901186
259	0.548500591	0.6460706644	0.2208574055	0.8598279109	0.8598279109	0.737778226	0.3514424759	0.7637609842
260	0.5484942358	0.6460904497	0.2208722954	0.8598513563	0.8598513563	0.7377997573	0.3514632857	0.7637741845
261	0.548409655	0.6460673266	0.2208548937	0.8599216924	0.8599216924	0.7378105708	0.3514471287	0.7638493357
262	0.5484084623	0.6460711719	0.2208577874	0.8599295076	0.8599295076	0.7378159549	0.3514514452	0.7638505136
263	0.5483485639	0.6461235002	0.2208971707	0.8597341294	0.8597341294	0.7377781458	0.3514849824	0.7639501418
264	0.5483103746	0.6461750202	0.2209359532	0.8598591714	0.8598591714	0.7378577731	0.3515445274	0.764003032
265	0.5482636096	0.646233307	0.2209798384	0.8598279109	0.8598279109	0.7378842609	0.3515974658	0.7640777516
266	0.548232929	0.6462218978	0.2209712474	0.8597184992	0.8597184992	0.7378365322	0.3515774436	0.7641250838
267	0.5482174475	0.6462684881	0.2210063315	0.8595700118	0.8595700118	0.7378122049	0.351609428	0.7641499959
268	0.5481920899	0.6462952829	0.2210265117	0.8597106841	0.8597106841	0.7378814852	0.3516467358	0.7641935035
269	0.5481859937	0.6463219019	0.2210465614	0.8597575748	0.8597575748	0.7379161054	0.351676033	0.7642000516
270	0.5481557441	0.6463757089	0.2210870955	0.8596716084	0.8596716084	0.7379195048	0.3517201356	0.7642477811
271	0.5481001192	0.64637395	0.2210857703	0.8600154739	0.8600154739	0.7380450103	0.3517472291	0.7642988783
272	0.5480507628	0.6464552165	0.2211470053	0.8599529529	0.8599529529	0.7380749569	0.3518194942	0.7643628939
273	0.5480426178	0.6464917077	0.2211745078	0.8599060622	0.8599060622	0.7380814679	0.3518503714	0.7643651992
274	0.5479948988	0.6465332583	0.2212058279	0.8598826168	0.8598826168	0.7380999088	0.3518880385	0.7644288119
275	0.5479478681	0.6466215694	0.2212724114	0.8599529529	0.8599529529	0.7381833687	0.3519781719	0.7645129318
276	0.5479295244	0.6466546142	0.2212973316	0.8599529529	0.8599529529	0.7382049011	0.3520096994	0.7645403232
277	0.547880077	0.6466498488	0.2212937377	0.8599216924	0.8599216924	0.738190278	0.3520025337	0.7646301722
278	0.5478334689	0.6467013862	0.2213326093	0.8600623647	0.8600623647	0.7382756894	0.3520634956	0.7647226724
279	0.5478183955	0.6467870451	0.2213972332	0.8601248857	0.8601248857	0.7383545407	0.352150486	0.7647409682
280	0.5478011512	0.6468183101	0.2214208257	0.8601092555	0.8601092555	0.738369153	0.3521790191	0.7647690374
281	0.547773341	0.646839832	0.2214370677	0.8598435412	0.8598435412	0.7382852451	0.352177281	0.764802457
282	0.5477520547	0.646876197	0.2214645143	0.8598826168	0.8598826168	0.7383233361	0.3522152704	0.7648363646
283	0.5477277462	0.6468928409	0.2214770776	0.8597184992	0.8597184992	0.7382736709	0.3522173875	0.7648778333
284	0.5477031151	0.6469005913	0.221482928	0.8597810202	0.8597810202	0.73830177	0.3522300325	0.7649184497
285	0.547691267	0.6468971184	0.2214803065	0.8598435412	0.8598435412	0.7383225581	0.3522319635	0.7649334117
286	0.5476740448	0.6469616038	0.2215289899	0.8599373227	0.8599373227	0.7383991317	0.3523013972	0.7649612037
287	0.5476679758	0.6469605223	0.2215281734	0.8600311042	0.8600311042	0.738432998	0.3523082341	0.7649755371
288	0.5476104977	0.647027999	0.2215791275	0.8601717765	0.8601717765	0.7385288034	0.3523844741	0.7650414675
289	0.547561408	0.6470830922	0.2216207399	0.8600232891	0.8600232891	0.7385099501	0.3524246287	0.7651039226
290	0.5475232897	0.6470978071	0.2216318556	0.8599607681	0.8599607681	0.738496481	0.3524334331	0.7651679005
291	0.5475007425	0.6471514534	0.2216723856	0.8598044656	0.8598044656	0.7384737702	0.3524715426	0.7651929974
292	0.5474776233	0.6471869103	0.2216991778	0.8597888353	0.8597888353	0.7384910891	0.3525040973	0.7652239597
293	0.5474303382	0.6471995906	0.2217087602	0.8597497597	0.8597497597	0.7384849296	0.3525129255	0.7653039196
294	0.5474187472	0.6471903451	0.2217017734	0.8596481631	0.8596481631	0.7384414299	0.3524955537	0.7653155441
295	0.5474081791	0.6471784938	0.2216928178	0.8596169026	0.8596169026	0.7384221821	0.3524816059	0.7653297076
296	0.5473669959	0.6471960059	0.2217060513	0.8597028689	0.8597028689	0.7384652976	0.3525055597	0.7653971315
297	0.5473581935	0.647197755	0.2217073731	0.8596716084	0.8596716084	0.7384549033	0.3525046025	0.7654080031
298	0.5473491981	0.6472424418	0.2217411461	0.8597263143	0.8597263143	0.7385041749	0.3525518895	0.7654219077
299	0.5473024634	0.6473049441	0.221788393	0.8598904319	0.8598904319	0.7386054082	0.3526254054	0.7655036834
300	0.5473012309	0.6473146963	0.221795766	0.8598826168	0.8598826168	0.7386088737	0.352634067	0.765503562
301	0.547280556	0.6473703637	0.221837857	0.8600076588	0.8600076588	0.7386912407	0.3526977803	0.765531245
302	0.5472592089	0.6474097825	0.2218676676	0.8601717765	0.8601717765	0.7387774405	0.3527492585	0.7655654053
303	0.5472315597	0.6473748311	0.2218412353	0.8600623647	0.8600623647	0.7387143287	0.3527066504	0.765600031
304	0.547220192	0.6473929428	0.221854932	0.8601952218	0.8601952218	0.7387751232	0.352735133	0.7656252236
305	0.5471854942	0.6474609492	0.221906369	0.8601952218	0.8601952218	0.7388194013	0.3528001436	0.7656676167
306	0.5471539172	0.6475082329	0.2219421399	0.8601170706	0.8601170706	0.7388213546	0.3528387751	0.7657176397
307	0.5471420668	0.6475082127	0.2219421247	0.8600701798	0.8600701798	0.7388040419	0.3528348103	0.7657332055
308	0.5471252559	0.6475034256	0.2219385028	0.8599451378	0.8599451378	0.7387547888	0.3528197104	0.7657526479
309	0.5471076325	0.6475543133	0.2219770067	0.8599451378	0.8599451378	0.7387879084	0.3528683622	0.7657834466
310	0.5470647482	0.6476862375	0.2220768602	0.8596481631	0.8596481631	0.7387641178	0.35296949	0.7658341356
311	0.5470503863	0.6476986807	0.222086281	0.8596794236	0.8596794236	0.7387837556	0.3529840246	0.7658510487
312	0.5470308817	0.6477303831	0.2221102849	0.8597810202	0.8597810202	0.7388418931	0.3530229081	0.7658829865
313	0.5470255698	0.6477073067	0.222092812	0.8598748017	0.8598748017	0.7388615039	0.3530087412	0.7658950139
314	0.5469662974	0.647748461	0.2221239742	0.8598826168	0.8598826168	0.7388911649	0.3530487629	0.7659662314
315	0.5469594644	0.6477487488	0.2221241922	0.8598279109	0.8598279109	0.7388711545	0.353044427	0.7659735362
316	0.5469153722	0.6477742126	0.2221434759	0.8598122807	0.8598122807	0.7388819488	0.353067466	0.7660439296
317	0.5468460175	0.6479329927	0.2222637613	0.8595621967	0.8595621967	0.7388928474	0.3531982672	0.7661523922
318	0.5468261019	0.6479252865	0.2222579218	0.8595778269	0.8595778269	0.7388936113	0.3531922136	0.7661809472
319	0.5468044538	0.6479143235	0.2222496145	0.8595387513	0.8595387513	0.7388720457	0.353178426	0.7662113651
320	0.5467878396	0.6479288344	0.2222606102	0.8597184992	0.8597184992	0.7389478861	0.3532074817	0.7662413652
321	0.5467228989	0.6479887514	0.2223060188	0.8592652219	0.8592652219	0.7388193472	0.3532265345	0.7663486368
322	0.5466693514	0.648029375	0.2223368115	0.859273037	0.859273037	0.7388486407	0.3532660644	0.7664222841
323	0.5466422636	0.648021947	0.2223311807	0.8593590034	0.8593590034	0.73887559	0.3532662211	0.7664657731
324	0.5465923953	0.6481026124	0.2223923371	0.8593433732	0.8593433732	0.7389222439	0.3533420952	0.7665032616
325	0.546555616	0.6481005504	0.2223907736	0.8592886673	0.8592886673	0.738900679	0.3533354971	0.766567988
326	0.5465196728	0.6481355849	0.2224173405	0.8591792555	0.8591792555	0.7388829916	0.3533597753	0.7666247724
327	0.5464771219	0.6481705895	0.2224438883	0.8591948858	0.8591948858	0.7389115178	0.3533946004	0.7666649725
328	0.5464424027	0.6482296167	0.2224886628	0.8592495917	0.8592495917	0.7389701037	0.3534557308	0.7667170463
329	0.5464290483	0.6482248437	0.2224850419	0.8593121127	0.8593121127	0.7389901223	0.3534564508	0.7667375027
330	0.5464165627	0.6482117582	0.2224751153	0.8593902639	0.8593902639	0.7390105157	0.3534505341	0.7667638086
331	0.5463837605	0.6482224825	0.2224832507	0.8592808522	0.8592808522	0.7389770282	0.3534515459	0.7668063384
332	0.5463771282	0.6482290488	0.2224882319	0.8591870707	0.8591870707	0.7389466125	0.3534498972	0.7668111417
333	0.5463313745	0.6483043281	0.2225453485	0.8588041295	0.8588041295	0.7388538381	0.3534895391	0.7668578785
334	0.5463206421	0.6483479288	0.222578437	0.8589057261	0.8589057261	0.7389197522	0.3535398863	0.7668727885
335	0.54630789	0.6483497192	0.2225797959	0.8588900959	0.8588900959	0.7389151307	0.3535402764	0.7668859156
336	0.5462994724	0.6483331305	0.222567206	0.8588119446	0.8588119446	0.7388754351	0.3535177738	0.76689176
337	0.5462557834	0.648406997	0.2226232722	0.858960432	0.858960432	0.7389783586	0.3536010784	0.7669681848
338	0.5462524091	0.6484268518	0.2226383451	0.8590307681	0.8590307681	0.7390172821	0.3536260512	0.7669787504
